RAJ2000, deg	DEJ2000, deg	Name	r, arcsec	Ksmag, mag	2s, Dimensionless "separation" between isolated galaxy and its nearest significant neighbour	HRV, km/s	T, Morphological type in de Vaucouleurs' scale	N, Number of significant neighbours of the isolated galaxy detected during our additional inspection on DSS	Comm	Redshift	MorphologicalType
0.5130833	-45.358	PGC130018	17.9	11.51	76	11639	3			0.03882352504	SB
0.9529583	-43.6182778	PGC262	18.8	11.73	74	9076	2		AM0001-435	0.03027427728	SAB
1.0449167	-13.2219444	PGC941042	17.2	11.89	63	11710	3	2		0.03906035555	SB
1.2723333	-7.0934167	IC1528	41.4	10.39	94	3768	3	2	HII	0.01256869511	SB
2.0610833	7.7801944	UGC00067	32.1	10.4	78	11833	2		Ring	0.03947063938	SAB
2.1428333	-10.9494167	MCG-02-01-028	20.5	11.84	101	9109	2	1	Bar,ring	0.03038435343	SAB
2.143875	-33.8583056	NGC0010	56	9.48	67	6806	3		Bar,IRAS,Vc	0.02270237232	SB
2.2279583	23.8169167	NGC0009	22.2	11.8	125	4527	3		Pec,HII,KIG6,IRAS	0.01510044659	SB
2.264375	-32.9141389	ESO349-033	26	10.99	61	6892	3	2	IRAS	0.02298923744	SB
2.2675417	10.9189167	UGC00081	29.3	10.72	76	6674	3	3		0.02226206771	SB
2.567125	32.1061944	CGCG499-061	15.3	11.72	71	19372	3	1		0.06461803652	SB
2.753375	-12.8223889	IC0002	20.3	11.24	80	6775	2		IRAS	0.02259896745	SAB
3.6782917	-60.3284722	NGC0053	38.8	10.3	112	4572	2		Bar,ring	0.01525055043	SAB
3.818625	-57.2447778	ESO111-022	22	11.13	72	9800	3		Ring,Vc	0.03268928133	SB
4.271125	42.1613889	UGC00158	19.1	11.69	65	5065	3			0.01689502142	SB
4.9333333	-14.1217778	IC0009	15.3	11.36	87	12622	3	1	Ring,Sy2,HII,IRAS	0.0421024601	SB
4.9530833	23.7726111	IC1540	28.3	10.85	65	5827	3		Bar	0.01943677983	SB
5.00025	-6.3336944	MCG-01-02-001	24.2	11.38	73	3709	2		Bar,pec	0.01237189229	SAB
5.4629583	-9.49225	MCG-02-02-005	20.8	11.37	113	6267	3	1	Ring,IRAS	0.02090446185	SB
5.7962083	-59.6174722	ESO111-026	17	11.36	102	8941	2	1		0.02982396575	SAB
6.374625	45.9216944	UGC00243	57.8	9.61	78	5076	3		IRAS,Vc	0.01693171347	SB
6.5726667	-4.4923056	MCG-01-02-014	31.2	10.98	92	3983	2		Bar,pec,HII,IRAS	0.01328585791	SAB
6.624	-60.0561111	PGC127809	21.4	11.33	83	4749	3	1	AM0024-602,IRAS	0.01584095888	SB
7.0742917	-9.4928611	MCG-02-02-020	18.8	11.91	61	16959	3			0.0565691349	SB
7.6825833	-59.0071667	ESO112-006	15.5	11.44	72	8642	2	1	IRAS	0.02882660911	SAB
8.6025417	12.2685	IC0031	32.4	10.37	79	9515	2	1		0.03173862366	SAB
9.3396667	-19.9342222	NGC0171	64.5	9.39	62	3884	2		Bar,ring,VV791A,IRAS	0.01295562946	SAB
9.6655417	17.4031389	UGC00393	19.2	11.38	91	5432	3		Vc	0.01811920165	SB
9.8972917	-47.29125	2MFGC472	15.7	11.86	82	10114	3	1		0.03373667259	SB
10.8572917	-50.1827778	NGC0238	53.1	10.06	96	8614	3		Bar,ring,IRAS,Vc	0.02873321116	SB
11.8031667	29.1363889	2MFGC00567	16.5	11.34	71	5706	2		IRAS,Vc	0.01903316727	SAB
12.5938333	11.7104444	UGC00513	16.3	11.86	66	11901	3	1		0.03969746297	SB
13.3837917	-58.1071111	IC1597	21	11.93	67	5053	3	2	Bar,pec,ring	0.01685499373	SB
13.6784167	21.5226389	IC1596	18.9	11.63	90	2675	3	1	KIG39	0.008922839547	SB
14.406625	-48.9026389	IC1605	37.3	10.38	83	7440	3		Bar,ring,Vc	0.02481716868	SB
14.6005833	48.6618889	UGC00600	21.1	10.93	79	6813	3	1	Bar,IRAS	0.02272572181	SB
16.7982917	10.8368056	IC0075	17.1	11.44	78	12324	3	1		0.04110843909	SB
17.261	-37.2888056	ESO296-002	26	10.73	63	6584	2		Bar,ring,HII,IRAS	0.02196186003	SAB
17.8425417	-29.2345	NGC0423	30.4	10.58	86	1596	2	3	Pec,IRAS	0.005323682959	SAB
19.534125	-2.5676667	MCG-01-04-024	15.4	11.83	105	5339	2	1		0.01780898704	SAB
21.103	-24.1132778	MCG-04-04-007	21	11.48	91	11195	3	3	Bar,IRAS	0.03734250046	SB
21.22	-11.58925	MCG-02-04-044	19.6	10.77	71	10260	3		IRAS	0.03422367617	SB
22.9254167	-0.9328889	NGC0585	54.2	9.46	67	5431	2		IRAS,Vc	0.01811586601	SAB
23.794125	21.9012222	CGCG481-11	16.1	11.28	64	14173	3		HII,LINER,KIG55,IRAS	0.04727603921	SB
24.0005417	0.6633611	NGC0622	31.8	10.54	116	5162	3		Bar,sbrst,KIG56,MRK571,IRAS	0.01721857859	SB
24.1359583	39.9227778	UGC01145	25.5	11.38	108	5692	3		Bar,IRAS	0.0189864683	SB
24.5644583	41.6540833	UGC01162	28.6	11.17	91	11131	3		Bar,ring	0.03712901944	SB
24.893625	-12.0761389	MGC-02-05-032	29.1	11.53	98	5521	3			0.0184160737	SB
25.0910833	37.2082222	CGCG521-065	19	11.52	70	5099	2			0.01700843321	SAB
25.5708333	-47.53	ESO196-019	25.7	11	76	6750	2	2	Bar,IRAS	0.02251557643	SAB
25.67625	-18.2268333	ESO543-012	27.9	11.18	62	4928	3	1	Bar,ring	0.01643803861	SB
25.8090417	8.8893056	IC1723	54.1	9.89	62	5532	3		IRAS,Vc	0.01845276575	SB
26.034	34.3873333	UGC01212	20.5	10.95	63	10749	3			0.03585480459	SB
26.4829583	-76.4761944	ESO030-003	27.6	10.96	97	6297	3		IRAS	0.02100453107	SB
27.4656667	-27.4666667	NGC0689	26.4	10.38	62	4210	2		Bar,ring,IRAS	0.01404304841	SAB
27.497625	2.0914444	UGC01293	20.1	10.94	65	14165	2			0.04724935408	SAB
28.3021667	-12.8728056	NGC0715	21.3	11.35	78	5600	3		HII	0.01867958933	SB
28.5547083	7.8836667	UGC01368	33.5	10.78	90	7942	2	2		0.02649166044	SAB
29.2875833	17.7700556	CGCG461-009	15.9	11.71	80	5207	2			0.01736868244	SAB
29.4182083	-57.7901667	NGC0782	49.1	9.41	111	6098	3		Bar,ring,IRAS	0.02034073853	SB
30.0374583	12.6560278	NGC0781	36.1	10.03	80	3488	2		KIG81,Vc	0.01163471564	SAB
30.8729167	-62.7824167	PGC127509	19.6	11.25	82	6158	2		IRAS	0.02054087698	SAB
30.885375	-60.8529722	ESO114-023	21.7	11.17	81	8974	3	1	Bar,ring	0.0299340419	SB
30.98575	-23.3115556	NGC0808	27.6	10.21	145	4960	3		Bar,ring,IRAS	0.01654477912	SB
31.3609167	31.1753333	UGC01577	36.7	10.41	64	5274	3		Bar,ring,KIG86,IRAS	0.01759217038	SB
31.405375	6.7719722	UGC01587	26.7	11.05	74	5658	3		Pec,KIG87,IRAS	0.01887305651	SB
31.4525833	-5.2938333	MCG-01-06-043	26.1	10.5	72	5134	3		Pec,merger,HII,IRAS	0.01712518065	SB
31.6525	-31.7778889	ESO414-031	20.9	11.41	106	10664	3		Ring	0.03557127511	SB
32.1040833	14.3496944	NGC0820	29.6	9.84	74	4423	3		IRAS	0.01475353993	SB
32.3127917	-45.2041944	PGC130208	17.1	11.82	66	12995	3	2		0.04334665417	SB
32.3956667	-47.5660278	ESO197-026	26.7	11.46	67	13422	3		Bar,ring,Vc	0.04477097286	SB
32.94525	-5.9153611	MCG-01-06-068	16	11.5	81	12991	2			0.04333331161	SAB
33.05125	44.5683333	NGC0846	45.2	9.19	66	5116	2		Bar,IRAS	0.01706513911	SAB
33.1916667	36.3033611	UGC01701	17.1	10.91	60	10989	3	1		0.03665535842	SB
34.346125	38.4138611	UGC01757	28.6	10.27	75	5060	3		ARK79	0.01687834322	SB
34.7492083	0.3298889	CGCG387-070	17.9	11.54	78	8942	2		IRAS	0.02982730139	SAB
34.9067083	-37.8187222	ESO298-028	29	10.26	104	5062	3			0.0168850145	SB
34.9940833	-41.4031111	NGC0893	31	10.09	66	5049	3		Pec,IRAS,Vc	0.01684165117	SB
35.2989583	-42.0016389	ESO298-031	28.9	10.98	74	4797	2		Bar,ring,pec	0.01600106965	SAB
35.4027917	-64.6101111	ESO081-008	24	10.67	70	5971	2		IRAS	0.01991711212	SAB
35.4705417	-14.0775833	PGC138518	16.5	11.69	68	15109	3	1	Bar,IRAS	0.05039819914	SB
37.046875	-5.8386944	MCG-01-07-015	16.6	11.71	81	6108	3	1	Pec,VV449,IRAS	0.02037409493	SB
38.199	4.7945833	CGCG414-014	21.3	11.59	81	13597	2			0.04535471002	SAB
39.5641667	-3.9786111	PGC170033	20.4	10.97	114	6801	3			0.02268569411	SB
39.6015417	7.9929167	UGC02130	30.1	10.91	63	6400	3		Ring,KIG113	0.02134810209	SB
39.7157917	27.8471944	UGC02134	42.6	9.99	68	4565	3		IRAS	0.01522720095	SB
40.12075	19.2970556	NGC1036	23.2	11.07	94	789	3		Pec,MRK370,IRAS	0.002631820711	SB
40.4759167	5.9480833	UGC02176	19.8	11.39	76	6364	3		IRAS	0.02122801902	SB
40.6667917	39.5343333	UGC02180	25.3	10.35	62	9348	3		IRAS	0.03118157162	SB
41.282875	-13.2366667	MCG-02-08-004	34.3	10.23	87	4237	3	1	HII,IRAS	0.01413311071	SB
41.3525417	2.8805833	IC1843	21.5	11.11	65	6767	2		Bar,IRAS	0.02257228232	SAB
41.5283333	-7.63425	PGC1015643	15.6	11.58	78	8972	2			0.02992737062	SAB
41.5728333	13.0956389	UGC02238	21.7	10.38	65	6445	3		Pec,HII,LINER,IRAS	0.02149820594	SB
41.778125	-2.9725833	2MFGC2225	31.3	10.86	120	7601	3			0.02535420688	SB
42.0181667	27.1030833	UGC02272	42.4	10	65	5652	3		IRAS	0.01885304266	SB
42.0673333	34.41975	NGC1093	26.9	10.48	104	5287	2		Bar,IRAS,Vc	0.01763553371	SAB
42.2451667	3.1686389	UGC02295	36.8	9.94	77	4171	3	1	Pec,IRAS	0.01391295841	SB
42.6624583	20.6828333	UGC02327	18.6	10.76	61	6305	3		Bar,pec,IRAS	0.0210312162	SB
42.8255833	-28.2006389	ESO416-037	35.3	10.25	75	5156	2		HII,IRAS	0.01719856475	SAB
42.97725	0.6648889	UGC02346	18.3	11.49	61	8774	3	1		0.02926691371	SB
42.994625	-33.3397778	IC1862	47.3	10.12	75	6399	3		IRAS,Vc	0.02134476645	SB
43.7785	-10.7535278	MCG-02-08-021	15.9	11.68	65	8794	3			0.02933362653	SB
44.017375	-22.2528333	ESO546-032	23.7	10.92	68	8105	3	2		0.02703536992	SB
44.5272917	-74.4566389	ESO031-005	41.2	10.03	93	4783	2		Bar,IRAS	0.01595437067	SAB
45.4829167	51.1486111	PGC11438	25.5	10.32	68	4808	3	2		0.0160377617	SB
45.7477917	-9.1320833	NGC1185	35.7	10.47	61	4854	3	1	Bar,ring,IRAS	0.01619120118	SB
46.0850833	48.2701111	UGC02511	34.2	10.08	70	3826	2		Bar,IRAS	0.01276216228	SAB
46.1488333	-13.9460833	PGC931092	15.3	11.95	60	4843	3			0.01615450913	SB
46.4187083	33.3939444	UGC02525	21.7	11.44	73	6229	3			0.02077770749	SB
46.4305833	36.7861389	UGC02526	36.7	9.47	80	4965	3		IRAS	0.01656145733	SB
47.2299583	70.56325	UGC02542	55.1	9.22	105	4276	3		IRAS	0.01426320071	SB
48.75325	-30.7080278	IC1904	26	10.4	111	4577	3		Bar,IRAS,Vc	0.01526722864	SB
48.942375	-12.0243056	MCG-02-09-019	33.3	10.62	81	3161	2		IRAS	0.01054396105	SAB
49.095	-23.8101944	MCG-04-08-054	15.4	11.97	74	13231	2	1	Bar	0.04413386544	SAB
49.3333333	-33.69	IC1909	22.5	10.84	84	7595	3	1	Bar	0.02533419303	SB
51.0270417	-1.0577778	CGCG390-082	21.9	11.7	84	7567	3			0.02524079508	SB
51.2570417	-5.7458889	NGC1324	60.1	9.24	81	5687	3		IRAS	0.01896979009	SB
51.5747083	4.5410278	IC1918	17.3	11.5	62	9268	3	1		0.03091472034	SB
51.5921667	37.5359167	PGC89947	17.4	11.38	64	7945	2		Pec,IRAS	0.02650166736	SAB
51.7305417	-41.6868889	ESO301-015	19.7	11.34	60	15128	2	1		0.05046157632	SAB
51.93775	69.7491667	PGC89946	21.6	10.71	62	7080	3		IRAS	0.02361633794	SB
53.3814167	0.6991667	2MFGC02942	18.3	11.37	67	10948	3			0.03651859714	SB
54.456875	72.5713333	NGC1343	54.5	8.78	78	2214	2		Bar,VIIZw8,IRAS	0.007385109068	SAB
55.5480417	-29.8935	NGC1425	73.9	8.56	115	1511	3		IRAS	0.005040153478	SB
57.4379583	28.16675	CGCG507-001	29.4	11.09	171	5000	2			0.01667820476	SAB
60.1919167	17.5831389	UGC02922	26.3	11.04	145	5215	3		IRAS	0.01739536756	SB
60.764125	4.5444722	UGC02938	26.1	10.58	91	5515	2	1	Bar	0.01839605985	SAB
60.7998333	-14.2857778	MCG-02-11-011	15.3	11.98	76	9532	3	1	Ring,IRAS	0.03179532955	SB
60.9692917	24.3972778	CGCG487-017	21	10.32	75	6031	2	1	Pec	0.02011725058	SAB
61.0361667	-82.3416667	ESO015-006	33.5	10.74	68	4896	3	1		0.0163312981	SB
61.403875	11.3018889	PGC14450	16.2	11.58	65	3237	3		IRAS	0.01079746976	SB
61.683625	-13.4873611	2MFGC3362	15.9	11.87	69	8684	3		HII,IRAS	0.02896670603	SB
62.1509583	-10.1892778	MCG-02-11-019	16.3	11.5	63	9852	2			0.03286273466	SAB
62.33525	-20.2184722	ESO550-013	15.9	11.89	60	9080	3	1		0.03028761984	SB
63.0944583	5.5469722	UGC02982	29.9	9.91	85	5312	2		Bar,ring,KIG143,IRAS	0.01771892474	SAB
63.4115833	25.4829167	UGC02988	51.8	9.62	62	3820	3		KIG144,IRAS	0.01274214844	SB
63.5027083	36.8476389	UGC02991	44.3	9.97	64	6004	3		Bar,ring,IRAS,Vc	0.02002718828	SB
64.3017083	-17.8574167	NGC1547	30	10.59	107	9575	3	1	Bar,IRAS,Vc	0.03193876212	SB
64.309125	4.7815833	NGC1542	29.1	10.37	62	3754	2		KIG145,IRAS	0.01252199613	SAB
65.2509583	-0.1680278	UGC03018	17.8	11.21	66	13562	3			0.04523796259	SB
65.6388333	3.2025833	CGCG419-004	19	10.78	64	3878	3			0.01293561561	SB
66.145875	33.8750833	UGC03028	38.5	9.67	102	5476	3		Ring,IRAS	0.01826596985	SB
66.45175	-67.8148333	ESO055-023	40.2	10.07	111	5514	3			0.01839272421	SB
66.5905	-20.7178611	ESO551-002	15.1	11.64	65	8733	2	2	IRAS	0.02913015243	SAB
66.6380833	-32.1646389	PGC133204	18.5	11.38	65	10441	2	1		0.03482742718	SAB
67.0402917	21.6553056	UGC03053	25.5	9.98	106	2406	2		IRAS	0.00802555213	SAB
67.2747083	-37.4795278	ESO303-021	16.5	10.95	76	8717	2	2	Bar,HII,IRAS	0.02907678218	SAB
67.7695833	-3.4113889	2MFGC3677	28.4	10.82	74	4732	2			0.01578425298	SAB
68.653125	-36.4086111	ESO360-016	20.9	11.38	105	13910	3	1		0.04639876564	SB
68.8324583	-42.2033889	ESO304-002	17.5	11.99	102	2223	3	3	IRAS	0.007415129836	SB
68.9519167	2.25825	UGC03097	19.2	11.57	80	3359	2	3	IRAS	0.01120441796	SAB
68.975	-72.4765278	PGC165410	17.5	11.45	63	13209	3	1	IRAS34	0.04406048133	SB
69.3915833	-5.7353889	PGC1041050	16.7	11.47	65	5114	3		IRAS	0.01705846783	SB
69.724125	-64.2080278	ESO084-033	40.8	10.09	65	8678	3	2	IRAS	0.02894669218	SB
70.415	-39.2687778	ESO304-013	21.4	11.27	120	9647	2	1		0.03217892826	SAB
70.5605417	-20.4347778	NGC1640	57.2	9.02	121	1603	3		Bar,ring,IRAS	0.005347032446	SB
70.5725	-18.4095	ESO551-028	19.7	11.6	69	17790	2		Bar	0.05934105254	SAB
71.373375	-53.14025	PGC177833	16.7	11.92	67	13437	2	1		0.04482100747	SAB
73.4522917	-32.4400278	ESO361-016	30.9	10.69	62	5496	2		Bar,ring	0.01833268267	SAB
74.0617083	30.0521667	UGC03205	44.4	9.61	102	3467	2		IRAS	0.01156466718	SAB
74.4962917	68.3235833	IC0396	52.6	8.63	107	886	3	1	Ring,IRAS	0.002955377883	SB
75.17075	-49.7468333	ESO203-015	24.4	10.89	95	10800	3		Bar	0.03602492228	SB
75.8265833	18.4525278	UGC03232	42.1	10.45	107	5008	3		IRAS	0.01670488989	SB
76.2418333	-62.0566389	ESO119-033	21.8	11.82	67	8740	3		IRAS05	0.02915350192	SB
76.47325	21.6606111	2MFGC4169	24.3	10.81	80	5339	3		IRAS	0.01780898704	SB
76.5402917	-45.0471111	ESO252-010	24.1	10.68	75	9821	2	1	Bar	0.03275932979	SAB
77.631875	63.1654444	UGC03250	40.3	9.69	64	4529	3		Bar,IRAS	0.01510711787	SB
77.6791667	0.4082778	UGC03258	32.6	10.57	68	2829	2		Bar,ring,pec,KIG156,IRAS	0.009436528253	SAB
77.8452917	-22.2466111	ESO553-018	21.1	11.09	88	9921	2	2	Bar,IRAS	0.03309289388	SAB
77.9099167	-20.4271667	ESO553-020	47.5	9.77	83	4046	2		Bar,pec,IRAS	0.01349600329	SAB
78.3555417	24.714	PGC143025	19.7	11.07	68	6473	3			0.02159160388	SB
79.19675	40.8291944	PGC168873	18.2	11.67	65	5008	3		IRAS	0.01670488989	SB
79.2877083	-64.9598333	NGC1892	49.9	9.88	67	1359	2		IRAS	0.004533136054	SAB
79.592	67.7316667	CGCG307-008	15.6	11.47	64	4677	3		IRAS	0.01560079273	SB
79.85975	-28.7043056	MCG-05-13-015	16	11.4	90	7468	3			0.02491056663	SB
80.0025417	-53.937	ESO159-006	25.7	11.35	73	11200	2		Bar,ring	0.03735917866	SAB
80.4505833	-23.8101944	NGC1886	70.4	9.28	142	1739	2		IRAS05197-2351	0.005800679615	SAB
80.46175	52.8380556	UGC03292	20.1	11.59	97	10093	3			0.03366662413	SB
81.2272083	-12.6888333	MCG-02-14-016	41.1	9.78	62	3407	2			0.01136452872	SAB
82.5689167	-18.0123611	PGC874029	18.4	11.11	107	3295	3			0.01099093694	SB
82.916125	-10.3922778	MCG-02-15-001	40.7	10.24	139	2595	3		Bar,ring,IRAS	0.00865598827	SB
83.3952083	6.2733056	UGC03321	34	10.31	64	8069	2			0.02691528684	SAB
83.5613333	-43.2126944	PGC3080992	15.6	11.75	67	10725	3	1		0.03577474921	SB
84.704625	41.12875	PGC17547	27.7	10.31	78	6117	3			0.0204041157	SB
84.8589167	-37.9638333	PGC3702051	19.6	11.37	97	7663	3	2		0.02556101662	SB
84.9341667	52.6020833	PGC2816495	29.4	10.96	94	6929	3		IRAS	0.02311265616	SB
85.4815	18.4923889	UGC03341	30.2	10.24	77	4570	2		Bar,IRAS	0.01524387915	SAB
86.7578333	-34.2505833	NGC2090	74.7	8.11	96	923	3		IRAS	0.003078796599	SB
86.7898333	-3.6263889	PGC147965	15.3	11.51	69	6346	3			0.02116797748	SB
87.045375	-40.6443889	ESO306-027	22.8	11.46	79	14085	3	1		0.04698250281	SB
87.5216667	13.6266111	MCG+02-15-002	27.4	10.2	80	7592	3		IRAS	0.02532418611	SB
87.8969167	-59.0456111	ESO120-016	56.3	9.89	132	3676	3		IRAS	0.01226181614	SB
88.789125	-42.8190278	ESO254-004	19.5	11.19	65	13006	2	3		0.04338334622	SAB
89.6057917	68.4610278	UGC03379	44.2	9.94	74	4114	3	1	Bar,IRAS,Vc	0.01372282688	SB
90.0718333	35.7503056	PGC97144	24.8	10.94	60	2890	3		IRAS	0.009640002351	SB
90.312875	-31.5404167	ESO425-003	22	11.25	87	13263	3	1		0.04424060595	SB
90.8805833	-41.2866389	ESO307-015	22.9	10.67	69	4721	2			0.01574756093	SAB
91.0877083	48.4217222	PGC97149	18.4	11.48	74	7914	3	1	Pec,IRAS	0.02639826249	SB
91.5454167	-0.5423889	2MFGC4918	36.4	10.04	102	2073	3		IRAS	0.006914783693	SB
91.8244167	-53.1470556	PGC18430	15.6	11.67	62	21300	3			0.07104915228	SB
92.0454167	-46.8598611	ESO254-025	18.2	11.38	65	9138	2			0.03048108702	SAB
92.1317083	-36.0769167	ESO364-032	16.3	11.89	68	9679	2	1	Bar,ring	0.03228566877	SAB
92.7777083	-15.4934722	MCG-03-16-018	35.5	10.32	152	2063	3		Pec,IRAS	0.006881427284	SB
94.0055417	75.9365278	UGC03420	43.5	9.84	69	5102	3		KIG166	0.01701844014	SB
94.3765	-45.2206944	PGC148662	20.8	11.39	74	11966	2			0.03991427963	SAB
95.4909583	19.1287778	2MFGC5127	30.1	11.17	73	5532	3		IRAS	0.01845276575	SB
96.119375	-16.5081389	PGC179348	15.7	11.81	96	6263	3			0.02089111928	SB
96.2372917	82.3185	UGC03435	26.1	10.34	91	4314	3		IRAS	0.01438995507	SB
96.2600833	-29.8539444	ESO426-005	20.3	11.22	60	11438	2	1		0.03815306121	SAB
97.3935	-71.1049722	ESO058-001	25.6	10.5	77	5266	2	1		0.01756548525	SAB
97.922125	-58.9450833	ESO121-035	25.9	10.99	102	9524	3		IRAS	0.03176864443	SB
98.00875	33.1105278	CGCG175-004	23.9	10.89	60	5430	2		Bar,ring,pec	0.01811253037	SAB
98.3048333	-28.0270833	ESO426-022	19.1	11.09	62	11237	2	1	Bar,ring,HII	0.03748259738	SAB
98.862	48.8440833	UGC03493	36.8	9.81	151	5900	2			0.01968028162	SAB
99.1422917	-33.3475556	PGC148959	18	11.85	68	11273	2	1	Pec,HII,IRAS	0.03760268045	SAB
100.2676667	25.3691389	CGCG115-007	16.3	11.46	101	9543	3			0.0318320216	SB
100.94875	-51.4887778	ESO206-022	19.9	11.59	62	10114	3		IRAS	0.03373667259	SB
101.9970833	-57.8152222	ESO122-006	22.1	11.01	67	10300	2	1	IRAS	0.03435710181	SAB
102.39075	44.4312222	CGCG204-20	20.4	10.84	76	6415	2		IRAS	0.02139813671	SAB
103.6315	30.071	UGC03590	17	11.84	70	5223	2			0.01742205269	SAB
104.41525	39.0873056	UGC03612	23.2	10.84	103	5162	3		Bar,IRAS	0.01721857859	SB
104.6151667	34.2116667	UGC03619	17.9	11.85	68	10956	3		Bar,ring	0.03654528227	SB
105.1795417	-21.24675	ESO558-005	28.2	10.4	97	8953	2		Bar,ring,IRAS	0.02986399344	SAB
105.2636667	1.9112778	UGC03630	54.7	8.72	120	1771	3		Bar,ring,IRAS	0.005907420126	SB
105.7249583	10.6103611	PGC143087	17.4	11.43	91	10477	2			0.03494751025	SAB
107.2614583	6.9286667	UGC03707	18.8	11.42	63	5969	2		IRAS	0.01991044084	SAB
108.1195833	47.1667778	NGC2344	40	9.47	80	969	3		Bar,KIG180	0.003232236082	SB
108.350875	-68.3587778	ESO058-025	41.2	10.7	64	7229	3		IRAS	0.02411334844	SB
109.636125	-65.7984444	ESO088-009	28.8	11.1	71	7105	3	2	IRAS	0.02369972896	SB
110.9725833	-3.4803056	PGC85957	21.8	11.35	63	10817	3		Bar,IRAS	0.03608162818	SB
111.2569167	23.78325	NGC2370	32.8	10.02	65	5500	3		Bar,IRAS	0.01834602524	SB
111.2786667	-63.5340556	ESO088-013	19.9	11.48	78	10542	2	1		0.03516432692	SAB
111.293125	9.5157778	UGC03839	25.8	11.33	64	5269	3		Bar	0.01757549218	SB
111.6009583	-46.3492778	ESO257-015	21.4	11.61	79	9094	3		Bar,ring,AGN	0.03033431882	SB
112.054125	58.5067222	UGC03855	51.4	9.28	64	3162	2			0.01054729669	SAB
112.6889583	-28.3995833	PGC77473	37.1	10.8	88	8078	2			0.02694530761	SAB
113.3779167	-65.3946111	ESO088-021	21.1	10.78	89	6489	2		IRAS	0.02164497414	SAB
113.4110417	24.7293333	PGC3097171	17.6	11.57	111	5643	3			0.01882302189	SB
113.8905	12.304	CGCG058-005	21	10.93	76	5086	3			0.01696506988	SB
114.2632083	22.3528889	UGC03932	27.3	11.03	92	4578	2			0.01527056428	SAB
115.882125	-51.6824167	ESO208-034	31.4	10.31	73	2587	2	1	Bar	0.008629303143	SAB
116.2482917	-74.5168889	ESO035-016	20.4	11.35	125	4830	3			0.0161111458	SB
116.384625	-51.1794444	PGC458971	15.4	11.94	68	11473	3	1		0.03826980864	SB
118.5865417	4.4596389	NGC2470	48.3	9.31	78	4056	2		IRAS	0.0135293597	SAB
119.8340417	-4.7645	PGC151176	18.3	11.46	76	11186	2	1		0.03731247969	SAB
120.5897917	6.8785833	UGC04183	27	10.73	64	9280	2	4	Bar,ring	0.03095474803	SAB
120.7827083	23.3918889	NGC2512	29	9.92	61	4702	3	1	Bar,MRK384,IRAS	0.01568418376	SB
120.83325	3.0521944	CGCG031-030	17.3	11.14	80	10302	2	1		0.03436377309	SAB
121.09775	-60.1079722	ESO124-009	20.5	11.48	71	9149	3	1		0.03051777907	SB
122.308125	16.9876111	UGC04249	28.1	11.63	71	4844	3			0.01615784477	SB
123.53575	-0.3707778	CGCG003-018	17.3	11.39	110	11864	3		MRK1213	0.03957404425	SB
124.4559583	38.7953333	MCG+07-17-027	27	10.96	94	6379	2		IRAS	0.02127805363	SAB
124.5315	26.6338611	MCG+05-20-007	24.9	11.31	68	6001	2	1	Bar,ring	0.02001718135	SAB
124.7615833	83.2663611	UGC04262	28.7	10.5	69	5696	3	2	Pec,IRAS	0.01899981086	SB
126.042	-18.7755	IC2367	72.8	8.8	105	2448	3		Bar,ring,IRAS	0.00816564905	SB
126.2926667	37.9889444	CGCG179-005	16.5	11.74	70	6362	3			0.02122134774	SB
126.6253333	-2.3787778	PGC1093790	16.5	11.65	63	9992	2			0.03332972439	SAB
126.7440417	65.2453611	MCG+11-11-003	19.7	11.21	69	14008	3		Pec	0.04672565846	SB
126.915625	-14.7819722	PGC23727	22.4	11.43	63	9293	3		Bar,ring	0.03099811137	SB
127.045625	10.5407222	CGCG060-016	22.6	11.39	67	9227	3	2		0.03077795906	SB
127.4997083	52.6971944	UGC04438	25.6	10.79	65	4252	2		Ring,pec,MRK90,IRAS	0.01418314533	SAB
128.4052083	13.0558056	CGCG060-023	19.9	11.35	102	9104	3	1		0.03036767523	SB
128.6014167	-31.8221389	ESO431-017	27.2	10.49	78	1964	2		Pec,Fairall1145,IRAS	0.00655119883	SAB
128.6389583	-2.5468056	NGC2615	44.1	9.56	66	4220	3		Bar,ring,IRAS	0.01407640482	SB
129.0633333	-17.5354444	PGC881636	19.3	11.63	144	10540	3	2		0.03515765563	SB
129.2735833	-18.2613056	ESO563-001	18.8	11.25	67	5938	2	1		0.01980703597	SAB
129.7825417	-8.8619444	MCG-01-22-031	23.3	11	72	5979	2			0.01994379725	SAB
130.1847917	-4.1217222	NGC2642	57.5	9.75	70	4335	3	1	Bar,ring,HII,IRAS	0.01446000353	SB
130.2241667	19.3548333	UGC04526	30.5	11.02	62	4378	3			0.01460343609	SB
130.471	32.8681944	UGC04531	29.1	11.21	61	7728	3		Bar,KIG278	0.02577783328	SB
130.781625	18.2232222	UGC04548	22.6	11.39	65	6276	3	1	IRAS	0.02093448261	SB
130.8529167	8.0795556	CGCG032-053	19.6	11.51	63	8904	3			0.02970054704	SB
130.8602917	-53.6959444	PGC100041	22.9	11.21	94	7831	3			0.02612140429	SB
130.9858333	-12.8475	MCG-02-23-001	29.4	10.4	71	5715	3		Bar,ring	0.01906318804	SB
131.2737083	40.5596111	CGCG208-043	17.9	11.64	70	8706	3		IRAS	0.02904009013	SB
134.6368333	28.26725	UGC04698	32.1	10.23	90	8001	2		Vc	0.02668846326	SAB
134.951375	55.7064167	NGC2710	42.2	10.82	75	2526	3		Bar,ring,IRAS	0.008425829045	SB
135.0652083	40.29675	UGC04716	22.4	11.54	60	8674	3		Bar,IRAS	0.02893334962	SB
135.2435417	47.7953333	CGCG238-004	22.2	11.31	61	3143	3			0.01048391951	SB
135.3659583	-9.3228611	2MFGC7043	18.1	11.94	69	7226	3		HII	0.02410334152	SB
136.1733333	-23.2082778	PGC153428	16	11.88	61	12988	2	2	Pec	0.04332330468	SAB
137.1907917	-38.6078611	ESO314-005	43.1	9.75	102	4858	2		IRAS	0.01620454374	SAB
137.198	29.86475	NGC2766	32.6	10.57	96	4184	2		Bar,ring	0.01395632174	SAB
137.7060417	-8.8906944	UGCA150	110.1	7.7	153	1836	3		Bar,HII,IRAS	0.006124236788	SB
137.7137917	2.9770556	UGC04826	28.4	10.89	66	7872	2		KIG310	0.02625816557	SAB
138.002125	-26.8278611	ESO497-022	26.1	10.87	61	2423	3		HII,IRAS	0.008082258027	SB
138.0605417	44.9548889	NGC2776	44.8	9.36	112	2629	3		Bar,KIG314,IRAS	0.008769400063	SB
138.7317917	46.9033889	UGC04870	26.4	10.47	61	4252	2	2	Bar,IRAS	0.01418314533	SAB
139.1999583	-26.8162222	NGC2821	44.9	9.56	69	2436	3		IRAS	0.008125621359	SB
139.2084167	0.5725556	CGCG006-025	16.2	11.9	63	8532	3			0.0284596886	SB
139.886375	-10.4986944	MCG-02-24-010	22.1	11.2	80	11345	3	1	Bar,ring,MRK1231,IRAS	0.0378428466	SB
139.99175	37.1910278	IC2461	40.5	10.11	70	2260	3		IRAS	0.007538548551	SB
140.044	-7.3844167	PGC165529	15.2	11.22	62	7473	2	1	IRAS	0.02492724483	SAB
140.2113333	13.1911667	CGCG062-022	25.5	10.67	97	5062	3	1		0.0168850145	SB
140.5732917	4.7083056	UGC04980	19.4	11.54	78	8326	3		Bar	0.02777254657	SB
140.89925	53.6019444	CGCG265-011	19.7	10.92	62	7672	2			0.02559103738	SAB
141.8479583	30.4406389	IC2473	27.1	10.79	63	8072	3		Bar,ring,KIG336,IRAS	0.02692529376	SB
142.318375	-20.3792778	ESO565-011	32	10.16	101	4787	3		Bar,ring,IRAS	0.01596771324	SB
142.549	55.8523611	UGC05055	22.3	10.94	82	7539	3		Bar,KIG339,MRK114,IRAS,Vc	0.02514739714	SB
142.7862083	-70.8984722	PGC271427	17.2	11.73	65	5068	2			0.01690502834	SAB
142.7960417	52.6351944	CGCG265-023	16.6	11.72	74	7252	3		Bar,ring	0.02419006818	SB
143.6119167	-2.5041389	NGC2917	38	10.05	85	3675	3			0.0122584805	SB
143.6216667	-9.4508056	2MFGC7416	20.2	11.31	75	9094	2	2		0.03033431882	SAB
143.660875	5.8414167	UGC05100	33.6	11.12	98	5514	3		Bar,pec,IRAS	0.01839272421	SB
144.2185417	37.69475	NGC2922	30.5	11.12	77	4366	2		Bar,KIG355,IRAS,Vc	0.0145634084	SAB
144.3008333	36.6200833	UGC05120	16.4	11.66	72	11929	3			0.03979086092	SB
144.9333333	28.2085833	CGCG152-043	16	11.89	82	8946	3			0.02984064396	SB
144.9417083	-11.3456944	MCG-02-25-011	31.1	10.81	74	4422	3		Bar,ring,IRAS	0.01475020429	SB
145.3191667	35.8821111	NGC2955	33.5	10.17	61	7010	2		Ring,KIG361,IRAS	0.02338284307	SAB
145.7590417	37.8230833	UGC05184	27.4	10.84	81	6577	3		Bar,KIG366,IRAS	0.02193851054	SB
147.0881667	-34.2246389	ESO373-030	18.1	11.63	68	9463	3		Ring	0.03156517033	SB
147.2270417	24.8746944	CGCG122-093	15.1	11.93	98	12994	3		KIG372	0.04334331853	SB
147.5754583	-23.0253056	ESO499-009	33.7	10.03	121	2077	2		Bar,ring	0.006928126257	SAB
147.6897083	22.7545556	UGC05278	19.8	11.59	61	8583	3	1	Bar	0.02862980629	SB
147.7342917	62.1857778	UGC05268	21.7	11.23	109	7369	2		KIG374,Vc	0.02458033818	SAB
147.89125	-12.9958333	MCG-02-25-024	19.9	11.41	68	9907	3		HII,IRAS	0.03304619491	SB
147.9143333	-13.7116667	MCG-02-25-025	21.1	11.42	71	4000	3	1	Pec	0.01334256381	SB
147.9165	65.4910556	UGC05277	30.6	10.86	62	3365	3		Bar,ring,KIG376,IRAS	0.0112244318	SB
147.9377917	3.2723889	CGCG035-071	15.1	11.72	62	10352	2			0.03453055513	SAB
147.97925	-6.8229167	NGC3035	32	9.97	60	4350	3		Bar,ring,IRAS	0.01451003814	SB
148.3891667	-19.5830833	ESO566-024	31.5	10.22	81	3502	2	2	Bar,ring,HII,IRAS	0.01168141461	SAB
148.5888333	-22.7497778	ESO499-017	23	11.55	65	2553	2			0.00851589135	SAB
148.706875	9.2716389	NGC3049	44.2	10.4	71	1455	2		Bar,ring,HII,KIG383,MRK710,IRAS,Vc	0.004853357585	SAB
149.0229583	-4.5104167	PGC170069	15.8	11.61	61	10801	3		HII	0.03602825792	SB
149.023875	75.0143333	UGC05317	43.1	10.4	80	7984	2		Bar,IRAS	0.02663175736	SAB
149.4067917	-18.1787222	NGC3076	18	10.91	76	3619	2		Pec	0.01207168461	SAB
149.6510417	-68.311	ESO061-020	21	11.79	64	5167	2	1	IRAS09574-6804	0.0172352568	SAB
150.128	-2.1611944	UGC05380	22.8	10.94	61	6233	2		Bar,ring	0.02079105005	SAB
150.9335833	-80.4216111	NGC3149	35.8	9.58	113	2014	3		IRAS	0.006717980877	SB
151.5705417	3.8276944	MCG+01-26-015	19.1	11.04	95	6806	2	1		0.02270237232	SAB
152.0860417	31.8626944	NGC3126	62.5	9.3	90	5188	3		KIG400,IRAS,Vc	0.01730530526	SB
152.1515	18.23125	NGC3131	40.4	9.76	80	5098	3		Bar,IRAS	0.01700509757	SB
152.5089583	-24.3283889	ESO500-005	22.1	10.94	67	9566	3		Bar,ring	0.03190874135	SB
152.9720833	16.4401944	UGC05495	44.2	10.33	87	8250	3		IRAS	0.02751903785	SB
153.073375	27.862	UGC05499	34.3	10.51	63	4754	3		Bar,ring,IRAS10094+2806	0.01585763709	SB
153.829625	28.4600278	CGCG153-034	15.9	11.76	91	6294	2			0.02099452415	SAB
154.810125	-21.1404444	ESO567-047	18.1	11.68	74	9885	2		Bar,ring	0.03297281081	SAB
155.781625	-42.2375278	ESO317-020	21.2	10.1	68	2585	3		IRAS	0.008622631861	SB
155.9664583	31.6373611	CGCG154-007	19.8	11.81	92	8825	3		KIG411	0.0294370314	SB
155.992375	68.3826389	MCG+11-13-024	21	11.24	65	11466	2			0.03824645916	SAB
156.891625	34.0680278	PGC2043331	17.5	11.65	61	16850	3			0.05620555004	SB
157.1002917	59.7641389	CGCG290-042	15.6	11.65	78	9289	2			0.0309847688	SAB
157.8262917	-18.5429167	ESO568-013	24.5	10.93	77	9923	3	1	Bar,HII,IRAS	0.03309956517	SB
157.9884167	-63.7085	ESO092-022	28.1	10.65	68	3762	3		IRAS	0.01254868126	SB
158.9387917	-3.8658611	MCG-01-27-024	21.9	11.29	78	11122	3			0.03709899867	SB
159.0631667	-8.3339167	IC0624	38.6	9.59	71	5040	2		Bar	0.0168116304	SAB
159.2058333	-18.1063611	ESO568-019	27.8	10.8	89	6085	2		Bar,ring,HII,IRAS	0.02029737519	SAB
160.2442917	-21.7843056	ESO568-020	21.3	11.69	107	3668	3		IRAS	0.01223513101	SB
160.87975	24.9221944	NGC3344	93.5	7.7	136	580	3		Bar,ring,KIG435,IRAS	0.001934671752	SB
161.1592083	56.3697222	MCG+09-18-016	25.1	10.96	65	7195	2		IRAS	0.02399993665	SAB
161.2715417	-64.0638333	2MASX	33.8	11.3	90	7466	3			0.02490389535	SB
161.3432917	55.9603611	NGC3353	22.6	10.82	61	944	3		Pec,HII,MRK35,IRAS	0.003148845059	SB
161.8030417	-28.9211667	MCG-05-26-006	15.2	11.43	67	10242	3	1	Bar,HII,IRAS	0.03416363463	SB
162.1034167	34.71125	NGC3381	38.2	10.85	67	1629	3	1	Bar,pec,IRAS	0.005433759111	SB
162.6417083	-30.3671667	PGC3761453	17.7	11.81	79	11901	3	1		0.03969746297	SB
162.7435	-2.1503056	IC0651	21.3	10.3	63	4468	2		Bar,pec,KIG444,IRAS	0.01490364377	SAB
163.1042083	59.6855278	CGCG291-008	15.4	11.45	63	8356	3	1	KIG446,IRAS	0.02787261579	SB
163.7415	-73.8983611	2MASX	30.6	10.56	80	4061	3		Fairall1370	0.01354603791	SB
163.8056667	-26.1407222	NGC3463	31.2	10.15	104	3978	3		IRAS	0.01326917971	SB
163.958375	31.39225	CGCG155-038	23.3	11.05	64	10511	3		Vc	0.03506092205	SB
164.240375	-14.3005	NGC3469	35.9	9.89	66	4644	2		Bar,ring	0.01549071658	SAB
164.859	-7.5436111	NGC3481	27	10.72	73	2511	3	1	Bar,ring,IRAS	0.00837579443	SB
165.02025	-16.1061111	PGC33145	15.7	12	67	5568	3	2		0.01857284882	SB
165.1354167	2.1159167	UGC06087	26.6	11.45	67	11824	3		Bar,ring,Vc	0.03944061862	SB
165.15175	-8.9438333	PGC997240	16.7	11.34	70	8355	2	2		0.02786928015	SAB
165.1550417	11.4154722	MCG+02-28-040	21.1	10.76	103	8200	2		Vc	0.02735225581	SAB
165.3039167	32.1470556	FGC1182	23.3	11.43	76	13736	2	1		0.04581836412	SAB
165.4099167	-70.9530556	ESO063-003	44.5	9.42	100	3819	3	2	Ring	0.0127388128	SB
165.5074583	-40.60025	ESO318-031	21.9	10.89	94	4838	2		Bar,ring,pec	0.01613783093	SAB
165.5724167	-42.3723056	ESO318-032	25	10.57	80	5901	3			0.01968361726	SB
165.8554583	39.255	UGC06121	19.2	11.97	82	6457	3		KIG457	0.02153823363	SB
166.4320417	-10.6658056	PGC156264	15.9	11.82	61	8059	2			0.02688193043	SAB
166.5189583	43.33125	UGC06149	23.1	11.35	61	3207	2			0.01069740053	SAB
167.484875	79.0028333	CGCG351-056	15	11.92	79	11884	3	1	Pec,VIIZw373,IRAS	0.03964075707	SB
167.6450417	-49.1025833	ESO215-031	44.5	9.29	80	2722	3	1	Bar,ring,IRAS	0.009079614671	SB
167.699875	-28.5010833	ESO438-009	15.1	10.64	71	7199	2	2	Bar,ring,Sy1.5,IRAS	0.02401327921	SAB
168.6545417	-39.8611389	PGC593194	15.5	11.82	80	17432	3	1		0.05814689307	SB
169.4036667	-3.1708333	CGCG011-044	16.4	11.57	83	8811	2			0.02939033243	SAB
169.9322917	-35.1663056	PGC652464	17.7	11.92	63	9505	3	1		0.03170526725	SB
171.0114583	-28.3876389	PGC35009	17	11.42	78	4084	3		IRAS	0.01362275765	SB
171.3035	-26.7366944	NGC3673	95.9	8.72	86	1940	3		Bar,IRAS	0.006471143447	SB
171.44075	-48.1416944	ESO216-008	38.6	10.37	80	5570	3		Bar,IRAS	0.0185795201	SB
172.1009167	33.6276944	2MFGC8975	17.4	11.67	61	10201	3			0.03402687335	SB
172.6865	-15.2884167	MCG-02-29-39	31.4	10.6	68	6570	3	1	Bar,ring,IRAS	0.02191516105	SB
172.710375	54.3944722	MCG+09-19-099	15.3	11.87	64	5700	2	1	IRAS	0.01901315343	SAB
172.9907917	-2.9216944	MCG+00-30-003	21.4	11.59	79	1565	2		IRAS	0.00522027809	SAB
173.3158333	24.4470278	NGC3728	21	10.54	66	6976	2			0.02326943128	SAB
173.5972083	-2.52925	CGCG012-025	19.2	11.53	79	11592	3		Bar,ring	0.03866674992	SB
174.064	-70.8074722	ESO063-016	15.5	11.73	90	7704	3		IRAS	0.02569777789	SB
174.6402917	25.3981111	PGC1735060	16.7	11.8	66	7602	3			0.02535754252	SB
174.7957917	39.3336944	UGC06613	22.7	11.27	64	7129	3		Bar,IRAS,Vc	0.02377978435	SB
174.8934167	-21.9984722	ESO571-014	18.5	11.47	66	11523	3	1		0.03843659069	SB
175.1353333	35.6076944	PGC3774965	15.3	11.72	62	13763	2			0.04590842642	SAB
175.2000417	-69.1287222	2MFGC09153	19.9	11.19	106	7491	2			0.02498728637	SAB
175.2448333	-22.4772222	ESO571-015	31.5	11.07	113	7087	3		IRAS	0.02363968743	SB
176.37625	-43.5738056	ESO266-023	37.4	11.14	76	10390	3	1	Bar,ring,AM1143-431	0.03465730949	SB
176.6509583	-41.3753056	ESO320-021	18.6	11.54	83	7025	3		IRAS	0.02343287769	SB
176.7834583	16.2488056	UGC06759	16.8	11.8	76	20679	3			0.06897771925	SB
176.9320417	1.8261944	UGC06769	18.1	11.33	110	8539	3		Bar,ring,NLAGN,KIG499	0.02848303809	SB
177.00075	4.4881111	UGC06771	36.1	10.2	62	5965	2		Bar,ring,pec,KIG500	0.01989709828	SAB
177.014	30.3593056	NGC3891	29.6	9.89	85	6287	3	1		0.02097117467	SB
177.6394583	77.8328056	UGC06798	27.3	10.69	66	7618	2		IRAS	0.02541091277	SAB
178.424	46.2118333	CGCG243-024	15.2	11.84	71	7385	3		Bar,ring,MRK42	0.02463370843	SB
179.215	8.7143889	2MFGC9385	17.7	11.88	68	10488	3		IRAS,Vc	0.0349842023	SB
179.6146667	10.0213611	NGC4012	34.4	10.55	87	4182	3			0.01394965046	SB
180.7247917	-16.3735833	NGC4050	84.2	8.86	97	1762	3		Bar,ring,IRAS	0.005877399357	SB
180.7982083	19.7287222	NGC4053	29.7	10.05	66	7177	2			0.02393989511	SAB
180.928125	-10.3179722	PGC979714	18.3	11.68	77	14541	3	2		0.04850355508	SB
181.4837917	77.5050556	UGC07086	48.2	10.38	84	2009	3		IRAS	0.006701302673	SB
181.595	-44.4484444	ESO267-016	22.6	10.87	75	3108	2		Pec,IRAS	0.01036717208	SAB
182.221625	-9.0364444	NGC4129	47.9	9.7	150	1177	2		Bar,IRAS	0.0039260494	SAB
182.6562917	16.0329167	NGC4152	34.2	9.75	66	2167	3		Bar,HII,MRK759,IRAS	0.007228333943	SB
183.0770417	-50.9591667	2MFGC09607	23.9	11.47	86	12684	3			0.04230926983	SB
183.1531667	-9.1585833	NGC4176	17.8	11.94	70	5614	3	1		0.0187262883	SB
183.7055417	33.01975	MCG+06-27-037	16.3	11.65	62	15831	3			0.05280653191	SB
183.7829583	-30.7664444	ESO441-022	49	9.84	77	6481	3		Bar	0.02161828901	SB
184.508625	-20.8532222	ESO573-007	22.1	11.17	108	9699	3			0.03235238159	SB
184.5841667	-70.3578333	2MFGC9692	16.3	11.99	71	12717	3			0.04241934599	SB
184.9257917	-12.2255278	NGC4263	31.1	10.2	65	4176	3	1	Bar,IRAS	0.01392963662	SB
185.4543333	-24.1682222	ESO506-004	54.4	9.25	100	4022	2	1	Bar,ring,LINER	0.01341594791	SAB
185.599625	-21.1942778	ESO573-016	24.8	11.23	71	6068	3		Bar,ring	0.0202406693	SB
185.9748333	-3.4428889	NGC4348	65.6	8.99	123	2012	3		Pec,KIG527,IRAS	0.006711309595	SB
186.8356667	-17.9101944	ESO573-024	17.2	11.74	62	8131	2	3		0.02712209658	SAB
187.0675417	-35.9784444	MCG-06-27-031	19	10.77	66	8415	3	1	Bar,ring,HII,IRAS	0.02806941861	SB
187.337875	-23.1666111	NGC4462	72	8.57	111	1792	2	1	Bar,ring,IRAS	0.005977468586	SAB
187.449875	-54.3635278	ESO172-003	25.7	10.6	75	5976	3	1	IRAS	0.01993379033	SB
187.6135833	18.8098056	IC3434	16.6	11.82	64	14486	3			0.04832009483	SB
188.4125417	-21.6621389	ESO574-008	27.8	10.65	82	6891	2		Pec	0.0229859018	SAB
188.96225	-13.0899444	MCG-02-32-017	27.2	11.05	96	4375	3	1	IRAS	0.01459342916	SB
189.0005417	54.2208333	NGC4566	22.7	10.39	97	5351	3		KIG539,Vc	0.01784901473	SB
189.3646667	-52.2660556	PGC446467	25.6	10.67	65	15622	3	1		0.05210938295	SB
189.7777083	-59.5978056	2MFGC09958	28.1	10.7	63	5174	2			0.01725860629	SAB
190.2745	50.3934444	NGC4617	50.2	9.91	84	4654	3		KIG545,IRAS	0.01552407299	SB
190.3337917	30.1218056	CGCG159-056	19.4	11.26	76	8184	2		Bar,ring,KIG544	0.02729888555	SAB
190.8324167	58.9648889	NGC4652	20.4	11.27	130	12900	3			0.04302976828	SB
191.0611667	-16.3094167	2MFGC10032	30.6	10.9	60	12686	2	1		0.04231594112	SAB
191.1092083	37.1213056	NGC4662	46.1	10.17	88	6995	2		Bar,KIG550,Vc	0.02333280846	SAB
191.2214167	18.7550556	IC3721	24	10.41	74	6611	2		IRAS	0.02205192233	SAB
191.5477083	48.6675278	MCG+08-23-090	18.3	11.5	65	9248	3		Vc	0.03084800752	SB
191.602875	-29.7231389	ESO442-021	22.8	11.22	64	9079	3		Bar	0.0302842842	SB
192.3430833	9.8177222	CGCG071-050	17.4	11.75	72	13553	3		KIG552,IRAS	0.04520794182	SB
192.8730417	31.8144722	2MFGC10140	18.7	11.68	67	7370	3	1	IRAS	0.02458367382	SB
193.9759583	63.6118333	UGC08059	39.2	10.27	96	2762	3	2	IRAS	0.009213040309	SB
194.6324167	8.2175556	CGCG043-086	17.9	11.32	65	8321	2	1		0.02775586836	SAB
194.7834167	-10.9141111	PGC170223	24.4	10.89	63	6400	3			0.02134810209	SB
194.947125	21.8130556	IC0841	17.7	10.86	67	7156	3		Bar,IRAS	0.02386984665	SB
195.5761667	32.8907778	UGC08145	33.4	10.51	85	7579	2		Bar	0.02528082278	SAB
196.5764167	10.3768333	UGC08192	15.7	11.5	69	9668	3	1	Ring,pec	0.03224897672	SB
197.6145	18.4381111	UGC08248	28.3	10.53	74	3707	3	1	IRAS	0.01236522101	SB
197.673375	20.53675	IC0856	23.9	11.1	78	4049	3	1	Bar,IRAS	0.01350601021	SB
198.0792083	70.6493333	NGC5034	17.9	11.16	71	8691	3		IRAS	0.02899005551	SB
198.1864583	31.8093056	NGC5025	37.5	10.71	64	6343	3		IRAS	0.02115797056	SB
198.4387083	24.9823889	CGCG130-021	17.8	11.37	81	7253	3		Bar,ring,IRAS	0.02419340382	SB
199.071375	25.4066944	IC4215	27.3	10.58	118	3891	2		IRAS	0.01297897894	SAB
199.3175833	6.0374722	NGC5060	31	10.52	68	6238	3		Bar,IRAS	0.02080772826	SB
199.4383333	27.56975	UGC08359	19.6	11.06	78	6995	2		IRAS	0.02333280846	SAB
199.7842917	28.5067778	NGC5081	45.6	10.36	64	6649	3		Ring,KIG581,Vc	0.02217867669	SB
200.360375	-8.1911667	PGC1006959	17.6	11.76	120	14414	3			0.04807992868	SB
201.6182083	-53.9111667	PGC166303	22.9	11.22	63	5183	2		Bar,ring	0.01728862705	SAB
201.9405	54.7990833	UGC08462	30	10.63	74	9916	2			0.03307621568	SAB
202.4852083	50.8838056	UGC08495	16	11.99	63	7621	3		Ring,KIG587	0.0254209197	SB
202.6400833	-6.0923056	MCG-01-34-017	15.2	11.07	85	8817	2			0.02941034627	SAB
202.6605417	18.1345	NGC5190	22.8	10.52	64	4129	3		Bar,IRAS	0.01377286149	SB
203.332	-53.3547222	ESO174-001	48	9.8	89	1382	2		Bar,pec,IRAS	0.004609855796	SAB
203.519	-17.6286667	PGC159265	16.1	11.59	62	14548	2	3		0.04852690457	SAB
203.6635417	4.1299167	NGC5213	20.3	11.5	63	6871	3		Vc	0.02291918898	SB
203.9510417	2.9987778	NGC5231	20.7	10.37	63	6523	2		Bar,IRAS,Vc	0.02175838593	SAB
203.9844167	-14.3466111	PGC925746	15.7	11.97	75	6573	3	1	Bar,ring,IRAS	0.02192516798	SB
204.0050417	49.9606944	IC0902	34.8	10.5	83	1618	3		IRAS	0.00539706706	SB
204.1695833	20.2	UGC08598	27.9	10.89	115	4909	3		KIG593	0.01637466143	SB
204.396	-21.2162778	PGC170278	15.8	11.65	65	15678	2	1		0.05229617885	SAB
205.0378333	36.861	NGC5265	19.9	11.14	63	5742	3		IRAS	0.01915325035	SB
207.781	24.0181667	CGCG132-024	18.6	11.49	69	8467	2			0.02824287194	SAB
208.2355417	2.8143333	NGC5335	37.5	10.28	64	4650	3		Bar,ring	0.01551073043	SB
208.2841667	-16.9603056	MCG-03-35-020	31	10.57	86	6284	3	1		0.02096116774	SB
208.324375	33.49075	NGC5347	41.3	9.82	60	2384	2		Bar,ring,Sy2,IRAS,Vc	0.00795216803	SAB
209.23325	29.1642778	NGC5375	56.2	9.44	102	2385	2		Bar,ring,KIG605,IRAS,Vc	0.00795550367	SAB
209.3143333	24.2575	UGC08873	22.8	11.21	69	8891	3	1		0.0296571837	SB
211.3355833	-84.27275	IC4333	38.9	10.44	165	2716	3		IRAS	0.009059600826	SB
211.7852083	-4.2380278	PGC184399	17.6	11.51	62	8189	3	1		0.02731556376	SB
212.15	-53.3528611	ESO175-002	43.5	9.73	60	3914	3			0.01305569869	SB
213.149	47.2531667	MCG+08-26-014	16.3	11.67	62	8417	2	2	Ring	0.02807608989	SAB
213.29125	-65.339	ESO097-013	259.5	5.04	156	434	2		IRAS	0.001447668173	SAB
213.5249583	-18.3707778	ESO579-004	18	11.72	65	15076	3	3		0.05028812299	SB
213.7098333	15.1466667	NGC5522	39.9	9.98	67	4575	2		IRAS	0.01526055736	SAB
214.4177083	-7.4175	NGC5534	35.7	9.74	72	2623	2	2	Bar,pec,HII,MRK1379,VV615,IRAS	0.008749386217	SAB
215.3045417	-46.2978889	IC4402	90.7	8.25	93	1653	3		IRAS	0.005513814494	SB
215.3047083	29.9935278	IC4408	20.9	10.65	68	9090	3	1	IRAS	0.03032097625	SB
215.4756667	7.8824722	CGCG047-026	15.3	11.44	71	7545	3	1	Bar,ring	0.02516741098	SB
215.890375	-39.6125278	PGC596161	15.7	11.77	63	11560	3	1	HII	0.0385600094	SB
216.209	-38.80325	ESO326-020	31	10.68	94	4408	3		Bar	0.01470350532	SB
216.5511667	-11.9045278	MCG-02-37-004	20.2	11.38	93	12422	3	1	Bar,HII,Sy2,IRAS	0.04143533191	SB
216.676	-49.6724444	ESO222-005	44.3	10.05	66	3998	2	1	Bar,ring	0.01333589253	SAB
217.9954583	-55.4666667	ESO175-009	37.2	9.05	98	3105	3	1	Bar,IRAS	0.01035716516	SB
218.3183333	41.6503333	IC1028	26.5	10.58	81	5327	3		Vc	0.01776895935	SB
218.9285833	8.3005	NGC5681	21	11.19	68	7937	3		IRAS	0.02647498224	SB
219.311	38.4541667	NGC5698	27.6	10.53	64	3679	3		Bar,ring,HII,IRAS	0.01227182306	SB
219.888	62.0029722	IC1049	26.3	11.04	68	6720	3	1	Bar,ring,KIG641	0.0224155072	SB
220.8802083	49.3931389	CGCG248-019	18.1	11.26	62	9032	3		IZw94,Vc	0.03012750908	SB
220.88175	48.1995278	MCG+08-27-021	16.1	11.86	65	11096	3	1		0.037012272	SB
221.6395	-38.7014444	ESO327-017	19.3	11.16	74	8026	2	1		0.02677185428	SAB
221.721875	-27.7150278	ESO447-036	42.1	9.8	92	4817	3		AM1443-273	0.01606778247	SB
222.1115833	34.9981111	UGC09537	49.9	10.1	130	8822	3		IRAS,Vc	0.02942702448	SB
222.765125	79.6088056	CGCG353-047	20.7	11.23	62	6863	3	1		0.02289250385	SB
222.9118333	40.5992222	NGC5772	38.4	9.65	112	4900	3		Ring,KIG653,IRAS,Vc	0.01634464066	SB
223.0432083	-10.7403889	MCG-02-38-022	24.4	10.22	110	2570	3		Pec,IRAS	0.008572597247	SB
223.2627917	-13.9686389	PGC160214	15.6	11.31	75	8021	3	1		0.02675517608	SB
224.2917917	-54.3921667	ESO176-006	55.9	8.53	100	2876	3		IRAS	0.009593303378	SB
224.470625	-2.2640278	2MFGC12128	19.5	11.76	69	12233	3			0.04080489577	SB
224.5199167	-1.7868889	2MFGC12131	15.6	11.93	72	12299	3			0.04102504807	SB
224.7975833	-4.3169444	MCG-01-38-013	22.3	11.29	83	6824	3	1	Bar,ring,HII,IRAS	0.02276241386	SB
225.16475	-44.4323889	2MASX	15.7	11.79	63	10098	3			0.03368330233	SB
225.482875	35.2747778	PGC2062027	16.7	11.78	98	10084	3			0.03363660336	SB
225.751	-45.59375	PGC525043	16.7	11.82	85	12586	3	1		0.04198237702	SB
225.8040417	49.8510833	CGCG248-049	15.9	11.63	74	8430	2	2		0.02811945323	SAB
226.1690833	12.6335278	NGC5837	22.9	10.69	74	8676	3	1	Bar,IRAS	0.0289400209	SB
226.334375	4.4804444	UGC09694	22.8	11.3	73	10446	3			0.03484410538	SB
226.5822083	7.3323889	PGC1319296	15.4	11.45	65	15242	2			0.05084183939	SAB
226.7287083	0.1862222	CGCG021-005	20.1	10.97	62	10534	2		Vc	0.03513764179	SAB
226.8662083	-36.3273611	NGC5843	53.5	9.09	174	4220	3		Bar,IRAS	0.01407640482	SB
226.9376667	51.4526667	MCG+09-25-022	21.1	11.26	79	13801	3		MRK845,IRAS	0.04603518078	SB
227.0951667	-28.8444722	ESO448-013	35.5	10.07	64	5687	3		IRAS	0.01896979009	SB
228.0091667	21.2983333	UGC09763	28.9	10.73	83	4703	3		Pec,loop,IRAS	0.0156875194	SB
228.1326667	8.8573056	CGCG077-043	17.9	11.41	65	10091	2			0.03365995285	SAB
229.1770417	52.0402778	PGC3491748	16.9	11.38	76	15878	2	1		0.05296330704	SAB
229.4632083	-17.5892778	NGC5890	37.2	10.03	104	2119	3		Bar,ring,IRAS	0.007068223177	SB
229.61625	-9.5909444	PGC184980	19	11.88	64	12021	3	2		0.04009773988	SB
230.7174167	-4.9970556	PGC160481	23.1	10.96	91	7062	3	1	Bar	0.0235562964	SB
230.833875	-4.1515833	MCG-01-39-005	33.9	10.41	125	2002	2		Bar,ring,pec,HII,IRAS	0.006677953186	SAB
231.2125833	50.3150556	MCG+08-28-025	16.5	11.5	80	11223	2		IRAS	0.0374358984	SAB
231.2480833	-34.4798333	ESO387-032	17.5	11.61	69	6278	2		Bar	0.0209411539	SAB
231.4449583	52.4448056	UGC09853	29.2	10.71	106	5839	3		KIG676,IRAS	0.01947680752	SB
231.4690417	7.8196944	UGC09844	27.3	11.1	60	11112	3	3	Bar,IRAS	0.03706564226	SB
231.896	-64.1709444	ESO099-005	68	8.68	73	3263	2		Bar,ring,IRAS	0.01088419643	SAB
232.130375	-25.1680278	PGC781942	17.3	11.6	94	9077	3	1		0.03027761292	SB
232.4815833	-70.5849722	IC4541	59.6	9.24	85	4553	3		IRAS	0.01518717325	SB
232.5035	12.9893056	NGC5936	34.6	9.57	120	4012	3		Bar,ring,IRAS	0.0133825915	SB
232.6922083	-2.8295278	NGC5937	40.6	9.14	61	2808	3	1	Bar,IRAS	0.009366479793	SB
233.3295	-30.0733889	ESO449-013	23.7	11.02	95	5460	3			0.0182125996	SB
233.4655	11.0106944	UGC09897	18	11.5	82	10477	2		Bar,ring	0.03494751025	SAB
233.5170417	22.9341944	PGC55454	22.5	11.3	97	5144	3		IRAS	0.01715853706	SB
234.40525	-8.7211944	MCG-01-40-004	34	11.1	69	7222	3		Bar,ring	0.02408999896	SB
235.19	-62.2156667	PGC2793210	26.1	10.14	63	5174	2			0.01725860629	SAB
236.5707917	40.6458889	2MFGC12678	17.4	11.86	65	8409	3	1	IRAS	0.02804940477	SB
236.6112917	-8.2439167	PGC1006230	19.7	11.6	66	11155	2	4		0.03720907482	SAB
237.2145	-67.3234167	IC4571	46	9.64	69	4920	3		Bar,pec,IRAS	0.01641135348	SB
238.0002917	-13.3941944	PGC160657	22	11.69	94	7223	3			0.0240933346	SB
238.5580833	14.6012222	NGC6012	50.6	9.68	157	1854	2		Bar,ring,KIG712,IRAS	0.006184278325	SAB
239.0067917	30.4172778	CGCG167-005	22	11.25	96	13980	3		Bar,Vc	0.04663226051	SB
239.6950833	-32.0055	ESO451-002	19.7	11.51	74	7705	2			0.02570111354	SAB
239.7615	51.3045	UGC10123	35.6	10.07	78	3748	2		IRAS	0.01250198229	SAB
239.7902917	35.0298056	UGC10120	22.9	11.18	71	9438	3		Sy1,KIG719,Mrk493,IRAS	0.0314817793	SB
240.0264583	-71.6718889	PGC267792	19.5	10.81	91	10863	2			0.03623506766	SAB
240.2681667	-29.34575	ESO451-004	28.8	10.21	103	2155	3	3	IRAS	0.007188306252	SB
241.9052917	45.0654444	MCG+08-29-048	18.4	11.11	91	13248	3			0.04419057133	SB
242.562375	47.06175	MCG+08-29-050	19.2	11.83	62	8991	3			0.0299907478	SB
242.6105833	12.3056667	UGC10238	26.8	11.05	71	10207	3		Bar,IRAS	0.0340468872	SB
243.236875	9.8671111	NGC6081	35.3	9.84	111	5114	2			0.01705846783	SAB
244.315625	-11.73175	MCG-02-41-001	33.1	10.07	81	977	3		Bar,ring,IRAS	0.00325892121	SB
244.8984167	-62.0191111	PGC3078051	22.6	10.51	60	5194	3			0.0173253191	SB
245.6190833	-8.1679167	2MASX	16.8	11.55	74	8174	2		Bar,ring	0.02726552914	SAB
246.00025	-6.97325	2MASX	24.8	11.75	62	12062	3		Bar,ring	0.04023450116	SB
247.8209583	-56.1204722	PGC2793384	23.6	10.71	83	5952	3			0.01985373495	SB
247.8396667	22.6968611	UGC10435	20.3	11.79	68	7296	3		Bar,ring,KIG743	0.02433683639	SB
248.104	76.7395556	UGC10466	20.2	11.08	65	7962	3		Bar,ring,IRAS	0.02655837326	SB
248.6061667	21.5408333	NGC6186	47.2	9.72	100	2936	2		Bar,IRAS	0.009793441835	SAB
248.9949167	-5.1177778	MCG-01-42-002	37.9	10.35	74	8178	3		Bar,IRAS	0.02727887171	SB
249.2187917	67.6294444	IC1225	25.7	11.33	63	8818	3		KIG756,IRAS	0.02941368191	SB
249.5140417	3.7188889	CGCG052-054	19.8	11.68	61	11597	3	1	IRAS	0.03868342812	SB
249.7825	-28.9821667	ESO452-010	22.4	11.49	70	6260	3		Bar,IRAS	0.02088111236	SB
250.140625	-67.4518889	ESO101-007	21.3	11.03	68	6622	2		IRAS	0.02208861438	SAB
250.5185	-11.0886389	PGC3870876	16.4	11.79	123	9060	3			0.03022090702	SB
251.1537083	75.6730556	UGC10562	23.4	10.76	67	9531	2	1	IRAS	0.03179199391	SAB
252.0997083	-6.2720278	PGC1034794	23.2	10.56	64	6312	3			0.02105456569	SB
252.7215833	35.4771389	PGC3388975	16.7	11.41	61	9116	3			0.03040770292	SB
254.26675	5.3720278	CGCG053-022	19.7	11.21	66	9522	3			0.03176197314	SB
254.5247083	-21.2728056	ESO586-006	51.5	9.99	81	5999	3		Bar,ring	0.02001051007	SB
256.278625	52.70625	UGC10701	19.6	11.61	70	10289	2			0.03432040975	SAB
256.5796667	10.3751944	UGC10699	18.1	10.79	72	6269	3		Bar,KIG786,IRAS	0.02091113313	SB
258.4746667	-60.8104167	ESO138-018	28.8	10.86	89	4918	3		IRAS	0.0164046822	SB
258.5377917	58.8185278	UGC10774	17.3	11.59	99	8873	3		Ring,KIG795	0.02959714217	SB
259.2477917	-62.8205278	NGC6300	116.8	7.01	80	1109	3		Bar,VV734,IRAS	0.003699225816	SB
260.744625	-45.3829444	2MASX	24.7	9.99	95	6572	3			0.02192183234	SB
260.9994167	21.1370833	CGCG140-018	24.5	10.77	107	6514	3		KIG806, IRAS	0.02172836516	SB
261.35475	10.2785	UGC10844	16.9	11.02	92	6810	2			0.02271571488	SAB
261.778875	-60.8791111	IC4653	32	10.26	70	1896	2		Bar,ring,IRAS	0.006324375245	SAB
261.928	-11.5792222	PGC165734	18.2	10.88	67	7542	3		IRAS	0.02515740406	SB
262.5347917	35.3664167	UGC10885	29.1	10.81	78	8042	3		IRAS	0.02682522454	SB
262.6865833	56.3518056	CGCG278-007	19.8	11.01	74	9110	2		Vc	0.03038768907	SAB
263.4082917	72.9701667	CGCG339-052	15.2	11.4	105	12285	3			0.0409783491	SB
264.562875	28.4553333	CGCG170-038	15.8	11.4	104	7897	3	1		0.0263415566	SB
264.6135	24.9534167	UGC10926	22.4	11.07	108	6201	2		IRAS	0.02068430954	SAB
264.6971667	18.8778611	NGC6408	36.4	10.18	106	3938	3		Bar,IRAS	0.01313575407	SB
265.4492083	23.67225	NGC6417	35.4	10.25	73	3315	2		Bar,ring,IRAS	0.01105764976	SAB
266.3094167	18.1388611	UGC10966	28	10.33	113	3061	2		IRAS	0.01021039695	SAB
267.1190417	12.5278889	CGCG083-024	15.2	11.76	72	6429	3		KIG831	0.02144483568	SB
267.2440417	-63.2545	IC4664	31.5	9.92	74	5025	3		Bar,ring,IRAS	0.01676159578	SB
267.667375	17.5378611	NGC6467	24.9	10.87	84	3036	2			0.01012700593	SAB
268.3264583	-3.335	PGC201132	15.6	11.88	81	7781	3			0.02595462225	SB
270.5394583	12.86725	CGCG084-012	20.1	11.16	82	14559	3		IRAS	0.04856359662	SB
272.3589583	38.7943611	UGC11132	33.1	10.79	82	2836	3		KIG847,IRAS	0.00945987774	SB
272.541375	-0.1721111	PGC166890	37	10.46	79	6765	2			0.02256561104	SAB
273.3734583	-64.4767222	IC4680	41	9.86	64	4493	2	2		0.0149870348	SAB
274.011	6.7468056	UGC11177	31	10.45	66	6155	3		Bar,IRAS	0.02053087006	SB
274.137625	-52.9135278	ESO182-006	25.1	10.83	73	6781	2		IRAS	0.0226189813	SAB
274.6213333	36.3203333	UGC11199	15.9	10.96	67	6416	2			0.02140147235	SAB
274.7466667	16.2495278	UGC11198	29.1	10.61	89	4527	3			0.01510044659	SB
274.9338333	48.5612222	UGC11206	15.3	11.41	70	4942	2		IRAS	0.01648473758	SAB
276.5414167	23.3161667	CGCG142-045	24.7	10.37	64	4401	3	2	IRAS	0.01468015583	SB
276.59275	-41.26475	2MASX	19.2	11.6	97	6672	3			0.02225539643	SB
277.9246667	16.6528889	PGC166544	20.9	10.79	60	4816	2		IRAS	0.01606444682	SAB
278.625	30.7205278	NGC6665	24.3	10.48	67	4943	2		IRAS	0.01648807323	SAB
279.359	26.4171667	NGC6671	36.3	9.32	88	3208	2		IRAS	0.01070073617	SAB
279.6411667	25.3750833	NGC6674	42.1	9.17	86	3429	3		Bar,ring,IRAS	0.01143791282	SB
281.371875	-39.1814444	ESO336-013	31.3	10.17	63	4904	3		IRAS	0.01635798323	SB
281.805375	-48.3573611	ESO230-012	24.5	10.7	70	5387	3	1	IRAS	0.01796909781	SB
282.1687917	-34.9365278	ESO396-G003	17.4	11.25	108	5791	2			0.01931669675	SAB
282.8663333	58.0827778	UGC11373	25	10.94	78	8706	3		IRAS	0.02904009013	SB
282.9071667	23.6346667	UGC11369	38.6	10.21	70	4576	2		Bar,IRAS	0.015263893	SAB
282.9978333	11.8760278	PGC86291	44	8.97	112	2603	3		IRAS	0.008682673398	SB
283.2300833	-59.2554444	IC4785	53.1	9.19	68	3639	3		Bar,IRAS	0.01213839742	SB
283.396375	-40.0180278	ESO336-020	22.1	11.33	75	7994	3		IRAS	0.02666511377	SB
285.9548333	33.8446389	UGC11397	32.5	10.24	96	4524	2		Bar,IRAS	0.01509043967	SAB
285.9877083	-21.3696944	2MASX	15.8	11.54	68	7068	3			0.02357631025	SB
286.51275	-55.1367778	IC4818	30.2	11.07	61	4728	3	2		0.01577091042	SB
286.5778333	-19.94575	ESO592-010	30.2	10.24	63	5777	2		Bar,ring,IRAS	0.01926999778	SAB
286.76575	29.0063889	UGC11404	43.7	8.94	102	3909	3		IRAS	0.01303902048	SB
287.5287917	40.0075	CGCG229-026	15.6	11.84	71	8269	3			0.02758241503	SB
288.0367083	-32.1265	ESO459-006	40.2	10.15	81	5746	3		Bar,IRAS	0.01916659291	SB
288.46775	16.9244167	2MFGC14811	54	10.11	63	6263	3			0.02089111928	SB
289.4070417	4.4402222	PGC86293	23.9	10.61	106	6334	3		IRAS	0.02112794979	SB
290.6949167	-51.0023889	ESO232-004	15.9	11	69	4953	2			0.01652142964	SAB
290.7858333	-17.7235556	ESO593-013	16.5	11.92	101	12208	3			0.04072150474	SB
290.83325	70.3559167	UGC11436	26.4	10.81	68	11574	2	1	Bar,ring	0.03860670838	SAB
290.9207917	-68.2776667	PGC89046	20.6	10.58	71	4968	2	3	IRAS	0.01657146425	SAB
291.2293333	77.2781944	CGCG357-004	18.2	11.65	69	15718	3		KIG873	0.05242960448	SB
292.0589583	-62.1013056	ESO142-009	22.8	11.16	67	4449	2	1		0.0148402666	SAB
293.0920833	-30.2740278	ESO460-011	24.2	11.41	81	11111	3	1	Bar	0.03706230662	SB
295.1287917	-56.4101944	IC4880	29.9	10.12	62	5224	2		Bar	0.01742538833	SAB
295.7448333	45.2981111	UGC11466	37.8	9.56	122	820	3		IRAS	0.002735225581	SB
296.0784583	18.2583889	PGC166633	15.7	10.83	157	4477	2		IRAS	0.01493366454	SAB
297.2481667	50.3130833	UGC11485	21.8	10.19	66	7656	2		Bar,IRAS	0.02553766713	SAB
297.3536667	63.5090278	UGC11487	21.1	11.28	64	5676	3		Bar,IRAS	0.01893309804	SB
298.3299167	-62.7467222	ESO105-017	19.4	11.74	68	11846	2		Bar	0.03951400272	SAB
298.7351667	-6.4815278	PGC166927	19.7	10.65	67	8822	2		IRAS	0.02942702448	SAB
299.3125	5.8903611	UGC11498	67.2	8.81	67	3266	3	1	Bar,IRAS	0.01089420335	SB
299.9793333	42.5585833	PGC3097212	27.7	10.42	75	4982	3			0.01661816322	SB
300.4561667	-53.9177222	IC4927	22.8	11.47	65	6150	2			0.02051419185	SAB
300.5590417	-45.4498056	ESO284-011	19.4	11.25	100	10269	2			0.03425369694	SAB
300.9111667	-11.0766111	2MFGC15286	15.7	11.82	67	7839	3			0.02614808942	SB
301.1848333	-9.9348611	PGC984540	17.1	11.76	66	12915	3		IRAS	0.04307980289	SB
301.905875	18.99825	PGC165839	16.1	11.14	63	14769	3		Pec,IRAS	0.04926408122	SB
305.8138333	-34.9475556	ESO400-010	17.7	11.88	62	11904	3	1	Bar	0.03970746989	SB
306.6094583	15.0177778	CGCG424-006	25.7	10.71	68	8536	2			0.02847303117	SAB
306.868125	8.0980833	NGC6917	39.1	9.81	76	4690	3		Ring,IRAS	0.01564415606	SB
307.5410833	-4.5936667	PGC1056088	15.2	11.29	105	5908	2			0.01970696674	SAB
308.1430833	-72.1675	IC5009	30.6	10.73	78	3936	2	1	Bar,ring	0.01312908279	SAB
309.0977083	-4.6188333	NGC6941	35.6	9.98	78	6224	3		Bar,IRAS	0.02076102929	SB
309.140875	11.4946944	UGC11599	55.7	9.22	87	4449	3		IRAS	0.0148402666	SB
309.1970417	-45.3080556	ESO285-040	30.1	10.98	87	6738	3			0.02247554873	SB
309.2402083	-29.6650278	ESO463-006	21.7	11.36	63	5684	2		IRAS	0.01895978317	SAB
309.308625	66.1056389	NGC6951	115.6	7.36	85	1424	3		Bar,ring,LINER,IRAS	0.004749952716	SB
311.6567083	-2.3638056	PGC90372	17.6	11.53	64	8777	3		Pec,IRAS	0.02927692064	SB
311.8150833	-76.44375	2MFGC15746	15.5	11.08	60	6517	3			0.02173837208	SB
312.9245	-12.2063333	MCG-02-53-010	22.4	11.17	65	9851	3	1		0.03285939902	SB
313.093375	0.0755833	CGCG374-021	21.6	10.79	66	9098	3		KIG892,IRAS	0.03034766138	SB
314.1814583	-56.6304444	ESO187-034	16.8	11.05	63	7586	2		Pec	0.02530417226	SAB
314.2835417	-61.8814167	PGC101186	15.5	11.67	65	11651	2	1		0.03886355273	SAB
314.475	25.0963889	CGCG470-007	20.8	10.68	77	3171	3		IRAS	0.01057731746	SB
315.5149583	-6.2968889	MCG-01-53-020	36.1	10.41	88	7754	3		Bar,Vc	0.02586455994	SB
316.216375	0.4480278	CGCG374-042	16	11.73	65	4162	3			0.01388293764	SB
317.1126667	-5.8199722	MCG-01-54-001	24.7	10.92	101	8361	2		IRAS,Vc	0.027889294	SAB
317.4682083	-45.5275833	ESO286-063	33.8	10.83	65	2462	3	2	Bar,IRAS	0.008212348024	SB
317.5755	-24.226	ESO530-013	21.3	10.98	88	11529	3		IRAS	0.03845660454	SB
318.5835	21.5434722	CGCG449-011	17.5	11.39	81	13815	2		KIG900,IIZw109	0.04608187975	SAB
319.7224583	15.6808333	UGC11719	26.4	11.06	79	8547	3			0.02850972322	SB
319.909375	-67.0535833	ESO107-020	17	11.68	63	10774	2	4	Bar,ring	0.03593819562	SAB
320.0317083	-39.7685278	ESO342-035	21.2	10.31	68	3763	3		Bar,ring,IRAS	0.0125520169	SB
320.072875	-1.6843333	UGC11723	46	10.05	110	4896	3		KIG906,IRAS	0.0163312981	SB
320.371875	21.2419167	IC5104	35.8	10.6	77	4956	2	1	Bar,KIG910,IRAS	0.01653143656	SAB
320.7239167	-19.8972778	ESO599-009	16.6	11.67	61	12534	3			0.04180892369	SB
321.3606667	4.3141111	IC1377	22.1	10.75	68	9055	3		KIG915,IRAS	0.03020422882	SB
322.2132083	31.8370833	UGC11753	30.7	10.84	93	4590	3		Bar,ring	0.01531059197	SB
322.5592917	-8.0669722	MCG-01-54-019	24.8	11.36	90	8826	2	2		0.02944036704	SAB
323.1050417	6.58125	NGC7085	25.6	11.24	88	8545	3		Bar,KIG919,IRAS	0.02850305193	SB
323.3941667	42.7240556	2MFGC16293	28.9	10.72	61	4080	3		IRAS	0.01360941508	SB
324.0295	9.6603056	UGC11773	16.9	11.17	60	8400	3			0.028019384	SB
324.823875	-25.49425	ESO531-012	25.3	11.97	71	9435	3	1	Bar,pec	0.03147177238	SB
324.861375	-2.5824167	PGC189330	20.3	11.8	81	18043	2			0.0601849697	SAB
325.086875	12.3548611	CGCG427-012	17.7	11.32	65	5889	3		KIG923	0.01964358957	SB
325.4956667	22.7134722	UGC11793	33.6	11	81	5627	3	1	Bar	0.01876965164	SB
325.6360417	-29.3674444	ESO466-001	35.1	10.39	131	7092	2			0.02365636563	SAB
325.7847917	44.9185278	PGC97237	19.2	11.21	85	1582	3			0.005276983986	SB
326.9229167	-4.1615	MCG-01-55-011	27	11.2	83	5095	3		Bar,IRAS	0.01699509065	SB
327.1101667	-1.6726667	UGC11814	17.2	11.3	82	8173	2		ARK553,IRAS	0.0272621935	SAB
327.2545417	12.5143333	NGC7138	27.8	10.47	66	8415	2		Bar,KIG932	0.02806941861	SAB
328.7042083	-63.1080278	PGC127615	18.1	11.74	70	14175	3			0.04728271049	SB
328.9970833	27.8983611	UGC11852	23.9	10.78	64	5850	2		Bar	0.01951349957	SAB
329.2195833	12.3159722	UGC11857	16.3	11.98	61	9097	3		Bar	0.03034432574	SB
329.2362083	-25.3504444	NGC7157	17.6	11.33	74	8759	3		Bar,ring,Vc	0.0292168791	SB
329.4004583	-45.4138056	PGC67716	16.2	11.29	64	18292	2			0.06101554429	SAB
330.887375	38.5566667	UGC11890	30.8	10.2	67	4637	2			0.01546736709	SAB
331.3274167	34.9891944	UGC11903	31.9	11.15	62	4784	3		Bar,ring	0.01595770631	SB
331.412625	9.6401667	IC5161	16.4	11.21	62	7984	2			0.02663175736	SAB
332.057875	-25.0606667	ESO532-021	22.2	11.19	85	5464	3			0.01822594216	SB
332.1515417	-15.0473611	PGC170386	21.1	10.78	97	5281	2		IRAS	0.01761551987	SAB
333.7149583	-34.0935	PGC132474	15.5	11.68	75	8366	2			0.0279059722	SAB
333.7607083	-11.5165278	MCG-02-56-026	18.6	10.78	94	2799	2	1	Bar,pec	0.009336459025	SAB
334.42775	-15.5712778	NGC7246	37	10.24	67	4128	2	2	Ring,IRAS	0.01376952585	SAB
334.5853333	13.62375	CGCG428-070	58	8.89	77	7469	3		Vc	0.02491390227	SB
334.7763333	24.59825	CGCG473-011	16.1	11.67	60	8256	2		Ring,KIG960	0.0275390517	SAB
335.6674583	37.9776111	UGC12009	24.8	10.97	77	1238	3	2	MRK493,IRAS	0.004129523499	SB
335.7419167	-28.3450833	NGC7258	27.2	10.57	74	3844	3		IRAS	0.01282220382	SB
335.7833333	-15.5413889	NGC7255	24.1	10.91	68	5048	3	1	IRAS	0.01683831553	SB
336.44425	-13.1663889	NGC7269	21.8	10.72	75	9572	3		Bar,pec,HII,IRAS	0.03192875519	SB
336.66975	20.0921111	PGC2817330	16.2	11.59	62	9501	2		IRAS	0.03169192468	SAB
337.0624167	-2.8845278	NGC7288	24.7	10.1	63	4952	2	1	Pec,MRK912,IRAS	0.01651809399	SAB
337.7240833	52.8097778	PGC166756	15.4	11	67	9136	2		IRAS	0.03047441574	SAB
338.5164167	10.173	UGC12081	26.5	10.72	83	11637	2		KIG970	0.03881685376	SAB
338.9847083	20.32225	NGC7316	21.5	10.66	88	5556	3		Bar,pec,KIG974,MRK307,IRAS	0.01853282113	SB
339.773	-22.6666944	NGC7341	78.8	9.04	108	4428	2	1	Bar,ring	0.01477021814	SAB
339.9010833	-4.1589444	NGC7344	27.6	10.54	64	7428	2		Bar,ring	0.02477714099	SAB
339.963125	-43.86	ESO289-047	20.7	10.58	92	10123	3	3		0.03376669336	SB
340.6214583	-11.4714722	MCG-02-57-028	20.8	10.98	96	7279	2			0.02428013049	SAB
341.0535417	9.4168889	CGCG405-005	24.4	10.65	80	7323	3	2		0.02442689869	SB
341.1434583	3.6463889	NGC7367	41.4	9.66	84	7215	2		KIG984	0.02406664947	SAB
341.5551667	10.1607778	CGCG430-007	16	11.51	67	7925	3		KIG986	0.02643495454	SB
343.0513333	49.4450278	UGC12223	20	11.13	120	5330	3			0.01777896627	SB
343.5400833	8.5324722	CGCG405-013	15.1	11.01	65	8356	3			0.02787261579	SB
343.8832083	29.8051111	NGC7420	15.2	11.22	70	9461	3		KIG998,IRAS	0.03155849905	SB
343.99975	-12.3699167	2MFGC17245	20.8	11.25	68	7552	3	1		0.02519076047	SB
344.5415	29.2283611	NGC7439	16.6	11.13	73	9457	3			0.03154515648	SB
344.8453333	53.7400833	UGC12287	50	9.36	62	5268	3		IRAS	0.01757215654	SB
346.28125	41.9554722	CGCG532-007	24.7	10.75	62	4635	2			0.01546069581	SAB
346.635125	-25.4274167	PGC134510	16.1	11.73	62	15780	3		Vc	0.05263641422	SB
346.742125	-9.2861389	MCG-02-58-024	25.1	10.43	94	7145	2		Bar	0.0238331546	SAB
347.3482083	-61.9980556	ESO147-022	17.1	11.3	68	9935	3	1	IRAS	0.03313959286	SB
348.5903333	16.4558056	UGC12440	18.3	11.36	70	12064	3	1		0.04024117244	SB
349.6812083	-3.0054444	MCG-01-59-018	19.2	10.97	84	9373	2			0.03126496264	SAB
349.9030417	-64.56825	IC5302	22.9	10.96	72	9476	2			0.03160853366	SAB
350.005	32.9229167	CGCG497-003	24.9	11.07	93	9325	3		IRAS	0.03110485188	SB
350.219875	23.8074722	UGC12533	33.6	10.71	74	6006	3		IRAS	0.02003385956	SB
350.289625	-43.93225	ESO291-020	21.6	10.98	65	10336	3	2		0.03447718488	SB
352.598875	-12.0793056	MCG-02-59-023	24.7	11.36	76	9696	2			0.03234237467	SAB
352.698875	-13.4854444	IC1495	26.8	10.55	76	6384	3		Bar,ring,IRAS	0.02129473184	SB
352.9735	-5.007	IC1498	47.3	9.85	96	5170	2		Bar,ring	0.01724526372	SAB
353.6141667	-70.6315	ESO077-023	31.9	10.14	79	3893	2		Bar,ring,IRAS	0.01298565023	SAB
353.6517083	-4.5342222	IC5334	30.8	10.11	63	2218	3	1		0.007398451631	SB
353.8645	-16.7050833	NGC7709	33.8	10.78	108	1766	2	1	Bar,pec,IRAS	0.005890741921	SAB
353.9324583	-63.6211944	ESO110-015	24.6	11.42	78	9237	3			0.03081131547	SB
355.4694167	-8.64825	MCG-02-60-012	32.3	10.52	78	10282	3			0.03429706027	SB
356.3804167	-20.9805	ESO606-006	23.8	11.36	64	10119	3	1		0.03375335079	SB
356.5500417	-75.2748056	ESO028-002	38.1	9.72	154	6431	3	1	Bar,IRAS	0.02145150696	SB
356.841	-63.7736667	ESO110-028	21	11.02	66	8996	3	2	Bar,ring,IRAS	0.030007426	SB
357.0944583	-8.5015556	MCG-02-60-016	25.8	11.1	104	6946	3		Ring	0.02316936205	SB
357.1240833	-1.5192778	CGCG381-050	16.8	11.82	66	9545	2			0.03183869289	SAB
357.5797083	10.7574167	UGC12800	28.4	10.32	79	5381	2		Bar,IRAS	0.01794908396	SAB
358.0566667	-25.4052222	ESO472-004	31.9	11.02	64	3725	3		IRAS23496-2540	0.01242526255	SB
359.1925	-2.6469167	MCG-01-01-005	21.4	10.88	67	9376	3	1	Bar,ring	0.03127496957	SB
359.6688333	-17.5588056	MCG-03-01-009	18.9	11.11	81	9457	3			0.03154515648	SB